Title,Part 1,Part 2
Crush Fact,When your crush makes eye contact with you...,your heartbeat is likely to synchronize with theirs.
Friend Fact,Friends who can sit in silence together...,are truly comfortable with each other.
Psychology Fact,People who love walking barefoot on grass...,are often seeking a connection with nature.
Male Fact,If a man is consistently punctual...,he values your time and commitment.
Girls Fact,A girl who loves reading...,often values depth in relationships.
Relationship Fact,"Couples who regularly say ""thank you"" to each other...",cultivate appreciation and happiness in the relationship.
Girls Fact,When a girl really likes you...,she'll listen carefully to your stories.
Relationship Fact,A relationship where both partners have mutual respect...,is more likely to withstand challenges.
Male Fact,A guy who keeps his promises...,is likely dependable and trustworthy.
Crush Fact,Your crush showing up in your dreams...,is your mind's way of exploring possible futures together.
Friend Fact,Friends who make you laugh uncontrollably...,contribute to your overall well-being.
Girls Fact,If a girl frequently compliments you...,she's paying close attention to you.
Male Fact,A man who actively listens to you...,truly values your opinions and feelings.
Psychology Fact,People who often help others...,generally experience more happiness.
Relationship Fact,Relationships where both individuals have separate hobbies...,encourage personal growth and mutual respect.
Crush Fact,When your crush teases you gently...,they may be trying to connect with you playfully.
Girls Fact,A girl who often shares her favorite songs with you...,is sharing a piece of her soul with you.
Male Fact,A guy who is patient and calm in conflicts...,is emotionally mature.
Friend Fact,A friend who remembers your birthday without reminders...,truly cares about you.
Male Fact,If a man often shares his fears and concerns with you...,he feels emotionally safe with you.
Girls Fact,If a girl initiates conversation with you frequently...,she wants to be a part of your world.
Relationship Fact,Couples who prioritize communication...,are laying a foundation for lasting togetherness.
Crush Fact,If your crush remembers and brings up past conversations...,they're genuinely interested in your words and thoughts.
Psychology Fact,Individuals who prefer dawn...,are often optimistic and looking forward to the future.
Girls Fact,When a girl introduces you to her friends...,it's a sign she sees you as a significant person in her life.
Friend Fact,True friends stand up for you...,even when you're not around.
Male Fact,A man who admires your passions...,is supportive and encouraging.
Relationship Fact,Partners who surprise each other...,keep the excitement and romance alive in the relationship.
Girls Fact,A girl who often gazes at you...,might be daydreaming about a future together.
Psychology Fact,People who often spend time in nature...,are generally more relaxed and centered.
Friend Fact,Friends who keep your secrets...,value your trust and confidence.
Male Fact,A guy who consistently makes you smile...,is adding happiness to your life.
Relationship Fact,"In a relationship, small, consistent acts of kindness...",often mean more than grand gestures.
Crush Fact,If your crush mimics your mannerisms...,it's a subconscious sign of affection and connection.
Psychology Fact,Those who love gazing at the stars...,often have a deep sense of wonder and curiosity.
Girls Fact,If a girl often mentions the future with you in it...,she's envisioning a life together.
Male Fact,A man who openly expresses his emotions...,has the confidence to be genuine and honest.
Friend Fact,Friends who know when you're feeling down...,have a deep and empathetic connection with you.
Relationship Fact,A partnership where both have a sense of humor...,is more likely to overcome difficulties joyfully.
Crush Fact,Your crush sending you funny memes or jokes...,is a modern sign of affection and shared humor.
Psychology Fact,People who adore sunsets...,"often appreciate beauty, tranquility, and transitions."
Male Fact,A man who is genuinely happy for your successes...,is secure and proud to be with you.
Girls Fact,A girl who shares her vulnerabilities with you...,trusts you deeply.
Friend Fact,Friends who always encourage your dreams...,believe in your potential and abilities.
Relationship Fact,Couples who openly discuss their feelings...,create a supportive and understanding relationship.
